rank,ticker,sector,fetched_at,market_cap,price,trailing_pe,ev_to_ebitda,return_on_equity,debt_to_equity,revenue_growth,net_margin,asset_turnover,total_debt,total_equity,fetch_ok,error,debt_to_equity_ratio,sector_rank,composite_score,buckets_used,valuation_bucket_score,quality_bucket_score,leverage_bucket_score,growth_bucket_score,trailing_pe_score,ev_to_ebitda_score,return_on_equity_score,net_margin_score,debt_to_equity_ratio_score,revenue_growth_score
1,UNIONBANK.NS,banking,2026-07-20T06:19:04.040234+00:00,1320613838848,173.0,6.3979287,,0.15798001,,,0.40460998,0.4405326153885003,,1334472821000.0,True,,,1,0.8406862745098039,2,0.7647058823529411,0.9166666666666667,,,0.7647058823529411,,0.8333333333333334,1.0,,
2,HEROMOTOCO.NS,auto,2026-07-20T06:19:31.936070+00:00,988239036416,4938.9,17.224316,12.654,0.28027,3.57,0.302,0.12109999,2.1770383768779045,7786100224.0,216111900000.0,True,,0.0356999999999999,1,0.8357142857142856,4,0.8214285714285714,0.8928571428571428,0.7857142857142857,0.8214285714285714,0.9285714285714286,0.7142857142857143,0.9285714285714286,0.8571428571428571,0.7857142857142857,0.8214285714285714
3,ACC.NS,cement,2026-07-20T06:18:28.903621+00:00,257531461632,1371.4,12.080691,9.434,0.109280005,2.085,0.323,0.082959995,1.2187217464845206,4286099968.0,205505400000.0,True,,0.02085,1,0.8098214285714287,4,0.875,0.7410714285714286,0.625,1.0,0.875,0.875,0.8571428571428571,0.625,0.625,1.0
4,COLPAL.NS,fmcg,2026-07-20T06:20:05.149871+00:00,574460854272,2112.1,43.27187,29.194,0.81593,2.993,0.091,0.21959999,3.777244004519888,474100000.0,15841100000.0,True,,0.02993,1,0.7875000000000001,4,0.7083333333333334,0.9166666666666667,0.9166666666666666,0.5833333333333334,0.6666666666666667,0.75,1.0,0.8333333333333334,0.9166666666666666,0.5833333333333334
5,LUPIN.NS,pharma_healthcare,2026-07-20T06:19:46.491838+00:00,1127907065856,2466.8,21.16698,13.892,0.26907,29.388,0.319,0.19073999,1.2244836684519564,66161799168.0,224482700000.0,True,,0.29388,1,0.7647058823529412,4,0.8823529411764706,0.8823529411764706,0.23529411764705888,0.9411764705882353,0.9411764705882353,0.8235294117647058,0.9411764705882353,0.8235294117647058,0.23529411764705888,0.9411764705882353
6,NMDC.NS,metals_mining,2026-07-20T06:20:14.044991+00:00,739919396864,84.16,9.936246,7.35,0.23363,18.802,0.619,0.23231001,0.941535414635464,64068100096.0,340623300000.0,True,,0.18802,1,0.7535714285714286,4,0.75,0.7142857142857143,0.5714285714285714,1.0,0.8571428571428572,0.6428571428571428,0.6428571428571429,0.7857142857142857,0.5714285714285714,1.0
7,PNB.NS,banking,2026-07-20T06:19:01.451113+00:00,1259511611392,109.59,6.849375,,,,0.152,0.38147,0.4175437957776446,63164899328.0,1499722200000.0,True,,,2,0.7518382352941175,3,0.6470588235294117,0.9411764705882353,,0.625,0.6470588235294117,,,0.9411764705882353,,0.625
8,LICI.NS,insurance,2026-07-20T06:19:25.859403+00:00,5479978237952,433.2,9.535549,7.318,0.40769002,0.431,0.146,0.06321,5.485817586263247,7619200000.0,1766053400000.0,True,,0.00431,1,0.75,4,0.6666666666666667,0.8333333333333333,0.6666666666666667,0.8333333333333334,0.6666666666666667,0.6666666666666667,1.0,0.6666666666666666,0.6666666666666667,0.8333333333333334
9,IRCTC.NS,infra_logistics_defense,2026-07-20T06:21:18.730244+00:00,402279989248,502.85,28.833141,22.673,0.34959,1.874,0.151,0.26721,1.2103574830708552,807259008.0,43085313000.0,True,,0.01874,1,0.7468181818181819,4,0.5772727272727273,0.9545454545454546,0.8,0.6363636363636364,0.7,0.4545454545454546,1.0,0.9090909090909091,0.8,0.6363636363636364
10,GILLETTE.NS,consumer_durables_retail,2026-07-20T06:21:09.502239+00:00,256103497728,7859.5,47.92086,26.7,0.66443,0.002,0.032,0.21110001,2.7109660547530554,200000.0,9712700000.0,True,,2e-05,1,0.7451923076923077,4,0.6538461538461539,0.9583333333333333,0.9230769230769231,0.38461538461538464,0.6923076923076923,0.6153846153846154,0.9166666666666666,1.0,0.9230769230769231,0.38461538461538464
11,COALINDIA.NS,metals_mining,2026-07-20T06:20:13.151941+00:00,2655519768576,430.9,8.539437,5.401,0.28124002,11.629,0.162,0.18465,1.4139217823847143,140721799168.0,1191015600000.0,True,,0.1162899999999999,2,0.7392857142857142,4,0.8928571428571429,0.7142857142857143,0.6428571428571428,0.6428571428571429,0.9285714285714286,0.8571428571428572,0.7857142857142857,0.6428571428571429,0.6428571428571428,0.6428571428571429
12,BPCL.NS,energy_power,2026-07-20T06:20:24.280007+00:00,1333046542336,312.0,5.157877,3.947,0.28469,54.332,0.067,0.05677,4.54454276149428,544244203520.0,1001702600000.0,True,,0.54332,1,0.7388888888888889,4,0.8888888888888888,0.6111111111111112,0.6666666666666667,0.7777777777777778,0.8888888888888888,0.8888888888888888,1.0,0.2222222222222222,0.6666666666666667,0.7777777777777778
13,HAL.NS,capital_goods,2026-07-20T06:20:34.763921+00:00,2985076981760,4463.5,32.73081,31.345,0.23979001,0.027,0.018,0.27549,0.8062357947346466,109700000.0,410411200000.0,True,,0.00027,1,0.7367647058823529,4,0.7941176470588235,0.9166666666666667,0.9411764705882353,0.17647058823529413,0.8823529411764706,0.7058823529411764,0.8333333333333334,1.0,0.9411764705882353,0.17647058823529413
14,NATIONALUM.NS,metals_mining,2026-07-20T06:20:17.487004+00:00,633546145792,344.95,10.312407,6.772,0.2942,0.277,-0.048,0.32489,0.9357920950001796,598300032.0,178054400000.0,True,,0.00277,3,0.7321428571428571,4,0.7857142857142857,0.8928571428571428,0.9285714285714286,0.21428571428571427,0.7857142857142857,0.7857142857142857,0.8571428571428571,0.9285714285714286,0.9285714285714286,0.21428571428571427
15,MUTHOOTFIN.NS,nbfc_financial_services,2026-07-20T06:19:12.569670+00:00,1191558512640,2968.0,11.2564945,,0.30406,379.707,0.537,0.55206,0.5178535874295926,1510264274944.0,391303150000.0,True,,3.79707,1,0.7317307692307693,4,0.6923076923076923,0.875,0.46153846153846156,0.8461538461538461,0.6923076923076923,,1.0,0.75,0.46153846153846156,0.8461538461538461
16,PGHH.NS,consumer_durables_retail,2026-07-20T06:21:08.668430+00:00,282392166400,8699.5,32.923965,23.691,1.14931,0.115,-0.051,0.19962999,5.682495653443402,8700000.0,7534700000.0,True,,0.00115,2,0.7153846153846153,4,0.8076923076923077,0.9615384615384616,0.8461538461538461,0.07692307692307693,0.9230769230769231,0.6923076923076923,1.0,0.9230769230769231,0.8461538461538461,0.07692307692307693
17,KAJARIACER.NS,consumer_durables_retail,2026-07-20T06:21:06.175332+00:00,197316296704,1238.7,40.45395,22.287,0.16499001,7.302,0.124,0.10049,1.5756757285733858,2285900032.0,30655800000.0,True,,0.07302,3,0.7134615384615384,4,0.7692307692307692,0.6346153846153846,0.7692307692307692,0.6923076923076923,0.7692307692307692,0.7692307692307692,0.5,0.7692307692307693,0.7692307692307692,0.6923076923076923
18,CANBK.NS,banking,2026-07-20T06:19:03.295249+00:00,1155782410240,127.42,5.863783,,0.15935999,,-0.467,0.37035,0.5452230950954664,1552876830720.0,1177046427000.0,True,,,3,0.7058823529411764,3,0.9411764705882353,0.8995098039215685,,0.0625,0.9411764705882353,,0.9166666666666666,0.8823529411764706,,0.0625
19,ITC.NS,fmcg,2026-07-20T06:19:59.811459+00:00,3543333601280,282.8,17.129011,12.14,0.2934,3.293,-0.05,0.26233,1.078695248616346,23993600000.0,725073000000.0,True,,0.03293,2,0.6871212121212121,4,0.9166666666666666,0.8181818181818181,0.75,0.08333333333333333,0.9166666666666666,0.9166666666666666,0.6363636363636364,1.0,0.75,0.08333333333333333
20,HINDZINC.NS,metals_mining,2026-07-20T06:20:19.936058+00:00,2236038774784,529.2,16.153847,9.694,0.76941,39.034,0.43,0.35115,1.731936895134562,88330002432.0,226290000000.0,True,,0.3903399999999999,4,0.6821428571428572,4,0.46428571428571425,1.0,0.3571428571428571,0.8571428571428571,0.5714285714285714,0.3571428571428571,1.0,1.0,0.3571428571428571,0.8571428571428571
21,GHCL.NS,chemicals,2026-07-20T06:20:57.335949+00:00,40034418688,436.75,8.71061,4.186,0.13420999,2.345,0.012,0.15419,0.8614242437892745,833000000.0,35519200000.0,True,,0.02345,1,0.6818181818181818,4,0.9090909090909091,0.6363636363636364,0.8181818181818181,0.2727272727272727,0.9090909090909091,0.9090909090909091,0.5454545454545454,0.7272727272727273,0.8181818181818181,0.2727272727272727
22,OBEROIRLTY.NS,realty,2026-07-20T06:21:27.715772+00:00,680736063488,1872.2,25.866262,19.133,,15.765,0.317,0.41592997,0.3352967120483635,28253941760.0,179216231000.0,True,,0.15765,1,0.675,4,0.75,0.8333333333333334,0.6666666666666667,0.3333333333333333,0.8333333333333334,0.6666666666666667,,0.8333333333333334,0.6666666666666667,0.3333333333333333
23,CHAMBLFERT.NS,chemicals,2026-07-20T06:20:53.903030+00:00,178250203136,444.9,9.126154,6.783,0.20451,10.274,0.137,0.09394,1.997863171902248,10675000320.0,104079500000.0,True,,0.10274,2,0.6727272727272727,4,0.7727272727272727,0.6818181818181818,0.5454545454545454,0.6363636363636364,0.8181818181818181,0.7272727272727273,0.9090909090909091,0.45454545454545453,0.5454545454545454,0.6363636363636364
24,TATAELXSI.NS,it,2026-07-20T06:18:51.299865+00:00,218428489728,3506.1,33.359657,24.031,,5.336,0.145,0.1674,1.235449536689618,1622763008.0,30413413000.0,True,,0.05336,1,0.6712121212121213,4,0.14646464646464646,1.0,0.9090909090909091,0.7272727272727273,0.18181818181818177,0.11111111111111116,,1.0,0.9090909090909091,0.7272727272727273
25,INDUSTOWER.NS,telecom_media,2026-07-20T06:21:12.269992+00:00,1068984958976,405.35,14.974141,7.973,0.19806999,53.289,0.048,0.21989,0.8195890590633008,211268993024.0,396456000000.0,True,,0.53289,1,0.67,4,0.6,0.9,0.5,0.6,0.6,0.6,1.0,0.8,0.5,0.6
26,BANKINDIA.NS,banking,2026-07-20T06:19:06.703336+00:00,657496276992,144.42,6.0731707,,0.12056,,0.101,0.31886,0.3623690818371102,1186258878464.0,899585454000.0,True,,,4,0.666360294117647,3,0.8823529411764706,0.5612745098039216,,0.5,0.8823529411764706,,0.4166666666666667,0.7058823529411765,,0.5
27,ABBOTINDIA.NS,pharma_healthcare,2026-07-20T06:19:50.890739+00:00,601355255808,28300.0,38.797417,30.338,0.34460998,3.602,0.065,0.22399001,1.4513561462782167,1719900032.0,47741900000.0,True,,0.0360199999999999,2,0.664705882352941,4,0.49999999999999994,0.9705882352941176,0.7647058823529411,0.35294117647058826,0.6470588235294117,0.3529411764705882,1.0,0.9411764705882353,0.7647058823529411,0.35294117647058826
28,IDEA.NS,telecom_media,2026-07-20T06:21:11.460625+00:00,1475632168960,13.62,4.2429905,17.731,,,0.032,0.77143997,-1.2525588679456343,1925280038912.0,-357580000000.0,True,,,2,0.6625,3,0.5,1.0,,0.4,0.8,0.19999999999999996,,1.0,,0.4
29,NTPC.NS,energy_power,2026-07-20T06:20:26.853938+00:00,3358925258752,346.4,11.387245,8.017,0.13695,118.127,0.08,0.14437,0.9222788830965832,1234561925120.0,2031756700000.0,True,,1.18127,2,0.6611111111111111,4,0.6666666666666667,0.7222222222222222,0.33333333333333337,0.8888888888888888,0.6666666666666667,0.6666666666666667,0.6666666666666666,0.7777777777777778,0.33333333333333337,0.8888888888888888
30,INFY.NS,it,2026-07-20T06:18:35.657102+00:00,4416570654720,1090.8,14.459173,,0.31439,9.827,0.066,0.16434999,2.05988146331494,967000000.0,9786000000.0,True,,0.09827,2,0.6590909090909091,4,0.8181818181818181,0.9545454545454546,0.2727272727272727,0.36363636363636365,0.8181818181818181,,1.0,0.9090909090909091,0.2727272727272727,0.36363636363636365
31,POLYCAB.NS,capital_goods,2026-07-20T06:20:39.114434+00:00,1335681089536,8867.0,46.75455,29.9,,2.558,0.39,0.09184,2.3541099294370955,3101910016.0,120085760000.0,True,,0.02558,2,0.6588235294117646,4,0.7058823529411764,0.5882352941176471,0.4117647058823529,0.9411764705882353,0.6470588235294117,0.7647058823529411,,0.5882352941176471,0.4117647058823529,0.9411764705882353
32,BEL.NS,capital_goods,2026-07-20T06:20:35.639666+00:00,2979466051584,407.6,49.286575,36.129,0.27556,0.273,0.117,0.21956,1.150981874087837,654600000.0,239883100000.0,True,,0.00273,3,0.6580882352941176,4,0.5294117647058824,0.8995098039215685,0.8235294117647058,0.3235294117647059,0.5882352941176471,0.47058823529411764,0.9166666666666666,0.8823529411764706,0.8235294117647058,0.3235294117647059
33,ONGC.NS,energy_power,2026-07-20T06:20:23.307932+00:00,3143937556480,249.91,7.586825,4.367,0.12703,42.548,0.019,0.06255,1.7813466362605903,1743164932096.0,3717678000000.0,True,,0.42548,3,0.6555555555555556,4,0.7777777777777778,0.4444444444444444,0.7777777777777778,0.6666666666666666,0.7777777777777778,0.7777777777777778,0.4444444444444444,0.4444444444444444,0.7777777777777778,0.6666666666666666
34,CUMMINSIND.NS,capital_goods,2026-07-20T06:20:37.570650+00:00,1523491143680,5496.0,64.666435,53.292,0.29455,0.431,0.219,0.19449,1.40997102119606,365100000.0,84751600000.0,True,,0.00431,4,0.6529411764705882,4,0.20588235294117646,0.9117647058823529,0.7647058823529411,0.8235294117647058,0.2941176470588235,0.11764705882352944,1.0,0.8235294117647058,0.7647058823529411,0.8235294117647058
35,MAZDOCK.NS,infra_logistics_defense,2026-07-20T06:21:24.118550+00:00,941690585088,2334.5,36.499374,36.23,0.2877,4.481,0.213,0.19863,1.333313172483926,4473699840.0,97548800000.0,True,,0.0448099999999999,2,0.6472727272727273,4,0.2863636363636364,0.8590909090909091,0.7,0.8181818181818182,0.30000000000000004,0.2727272727272727,0.9,0.8181818181818182,0.7,0.8181818181818182
36,EICHERMOT.NS,auto,2026-07-20T06:19:31.092743+00:00,2066280218624,7527.5,37.556755,34.896,0.23774,2.048,0.191,0.23562,0.9154355651261048,5139500032.0,251001500000.0,True,,0.02048,2,0.6428571428571429,4,0.25,0.8928571428571428,0.8571428571428572,0.6428571428571429,0.4285714285714286,0.0714285714285714,0.7857142857142857,1.0,0.8571428571428572,0.6428571428571429
37,BAJAJ-AUTO.NS,auto,2026-07-20T06:19:32.729824+00:00,2924254330880,10471.0,27.246943,20.329,0.28046,56.352,0.37,0.16886,1.5550691581863303,226649604096.0,388319900000.0,True,,0.56352,3,0.6428571428571428,4,0.46428571428571425,0.9642857142857143,0.1428571428571429,0.9285714285714286,0.6428571428571428,0.2857142857142857,1.0,0.9285714285714286,0.1428571428571429,0.9285714285714286
38,SUPREMEIND.NS,capital_goods,2026-07-20T06:20:42.583831+00:00,436564099072,3435.3,45.682182,27.82,0.16128999,1.473,0.165,0.085039996,1.804964119389146,908400000.0,61690700000.0,True,,0.01473,5,0.6404411764705883,4,0.7941176470588235,0.5563725490196079,0.5882352941176471,0.5882352941176471,0.7647058823529411,0.8235294117647058,0.5833333333333334,0.5294117647058824,0.5882352941176471,0.5882352941176471
39,HCLTECH.NS,it,2026-07-20T06:18:38.816257+00:00,3285883027456,1214.4,18.889408,,0.24067,7.058,0.03,0.12966,1.731444156189716,548000000.0,751650000000.0,True,,0.07058,3,0.6397727272727273,4,0.7272727272727273,0.7386363636363636,0.7272727272727273,0.2727272727272727,0.7272727272727273,,0.75,0.7272727272727273,0.7272727272727273,0.2727272727272727
40,MARUTI.NS,auto,2026-07-20T06:19:27.729149+00:00,4267071504384,13572.0,29.090754,19.422,0.14434,0.096,0.282,0.08008,1.6830564325195998,1025000000.0,1071563000000.0,True,,0.00096,4,0.6392857142857143,4,0.5,0.5357142857142857,0.9285714285714286,0.7142857142857143,0.5714285714285714,0.4285714285714286,0.42857142857142855,0.6428571428571429,0.9285714285714286,0.7142857142857143
41,ADANIPORTS.NS,infra_logistics_defense,2026-07-20T06:21:15.002105+00:00,4237441368064,1839.2,31.574247,21.497,0.15592,64.051,0.265,0.33060002,0.4029716422211426,633989890048.0,961253000000.0,True,,0.64051,3,0.6336363636363636,4,0.5227272727272727,0.85,0.19999999999999996,0.9090909090909091,0.5,0.5454545454545454,0.7,1.0,0.19999999999999996,0.9090909090909091
42,GLAND.NS,pharma_healthcare,2026-07-20T06:19:55.354847+00:00,407334944768,2469.3,39.699356,22.823,0.10532,2.738,0.223,0.15975,0.6208419619712395,2835899904.0,103579500000.0,True,,0.02738,3,0.6294117647058823,4,0.5882352941176471,0.411764705882353,0.8235294117647058,0.8235294117647058,0.5882352941176471,0.5882352941176471,0.11764705882352941,0.7058823529411765,0.8235294117647058,0.8235294117647058
43,GNFC.NS,chemicals,2026-07-20T06:20:54.791886+00:00,74462191616,506.75,9.22202,6.361,0.091350004,0.066,0.074,0.10395,0.8527701590784421,60000000.0,91150000000.0,True,,0.00066,3,0.6272727272727273,4,0.7727272727272727,0.40909090909090906,0.9090909090909091,0.45454545454545453,0.7272727272727273,0.8181818181818181,0.2727272727272727,0.5454545454545454,0.9090909090909091,0.45454545454545453
44,ALKEM.NS,pharma_healthcare,2026-07-20T06:19:49.991751+00:00,676857446400,5661.0,29.410849,21.336,0.17557,14.267,0.146,0.15645,1.0645559728221938,20471599104.0,138201000000.0,True,,0.14267,4,0.6264705882352941,4,0.7058823529411764,0.6764705882352942,0.47058823529411764,0.5882352941176471,0.7647058823529411,0.6470588235294117,0.7058823529411765,0.6470588235294118,0.47058823529411764,0.5882352941176471
45,HINDCOPPER.NS,metals_mining,2026-07-20T06:20:18.304556+00:00,470263758848,486.3,51.29747,31.706,0.30602,3.319,0.581,0.29843,0.9209290914041393,1109200000.0,33421900000.0,True,,0.03319,5,0.625,4,0.0,0.8928571428571428,0.8571428571428572,0.9285714285714286,0.0,0.0,0.9285714285714286,0.8571428571428571,0.8571428571428572,0.9285714285714286
46,ICICIGI.NS,insurance,2026-07-20T06:19:25.058974+00:00,808428044288,1619.0,33.47116,24.62,0.1463,,0.109,0.08764,1.69177624716768,0.0,166338900000.0,True,,,2,0.625,3,0.5,0.8333333333333334,,0.5,0.5,0.5,0.8333333333333334,0.8333333333333334,,0.5
47,PAGEIND.NS,consumer_durables_retail,2026-07-20T06:21:01.778262+00:00,447772262400,40145.0,58.49653,40.063,0.525,18.422,0.141,0.14558,3.478809715699265,2768120064.0,15025990000.0,True,,0.18422,4,0.6211538461538462,4,0.4615384615384615,0.8397435897435898,0.3846153846153846,0.7692307692307693,0.5384615384615384,0.3846153846153846,0.8333333333333334,0.8461538461538461,0.3846153846153846,0.7692307692307693
48,AMBUJACEM.NS,cement,2026-07-20T06:18:29.671200+00:00,1083752972288,436.15,22.919073,18.958,0.08302,1.205,0.072,0.1163,0.6734828127032526,8659300352.0,593473200000.0,True,,0.01205,2,0.6178571428571429,4,0.5625,0.5803571428571428,0.75,0.625,0.75,0.375,0.2857142857142857,0.875,0.75,0.625
49,GODREJPROP.NS,realty,2026-07-20T06:21:26.717282+00:00,631098507264,2095.1,34.13327,-159.721,0.09969,82.119,0.63,0.36056,0.2623580436782257,158940905472.0,191555400000.0,True,,0.82119,2,0.615,4,0.75,0.6333333333333333,0.16666666666666663,0.8333333333333334,0.6666666666666667,0.8333333333333334,0.6,0.6666666666666666,0.16666666666666663,0.8333333333333334
50,GICRE.NS,insurance,2026-07-20T06:19:26.702700+00:00,633162956800,361.0,6.549909,3.187,0.10686,,-0.013,0.18268,0.7641097251706209,0.0,704808200000.0,True,,,3,0.6145833333333334,3,0.8333333333333334,0.5833333333333334,,0.3333333333333333,0.8333333333333334,0.8333333333333334,0.16666666666666666,1.0,,0.3333333333333333
51,PFC.NS,nbfc_financial_services,2026-07-20T06:19:15.357012+00:00,1351886569472,409.65,5.218471,,0.20466,586.017,-0.154,0.54304004,0.3254273979997432,10163931054080.0,1328609400000.0,True,,5.86017,2,0.6067307692307692,4,0.9230769230769231,0.7916666666666666,0.3076923076923077,0.15384615384615385,0.9230769230769231,,0.9166666666666666,0.6666666666666666,0.3076923076923077,0.15384615384615385
52,M&M.NS,auto,2026-07-20T06:19:30.243220+00:00,3803894513664,3167.9,20.803125,12.185,0.18754,125.278,0.302,0.08473,2.0741731550162816,1371686043648.0,930963500000.0,True,,1.25278,5,0.6035714285714285,4,0.7857142857142857,0.6785714285714286,0.0,0.8214285714285714,0.7857142857142857,0.7857142857142857,0.6428571428571429,0.7142857142857143,0.0,0.8214285714285714
53,HINDUNILVR.NS,fmcg,2026-07-20T06:19:58.905502+00:00,5028125343744,2140.0,47.313732,34.249,0.21603,3.016,0.043,0.23329,1.3082810127621158,14780000256.0,487380000000.0,True,,0.03016,3,0.6015151515151516,4,0.5416666666666666,0.6856060606060606,0.8333333333333334,0.3333333333333333,0.5833333333333333,0.5,0.45454545454545453,0.9166666666666666,0.8333333333333334,0.3333333333333333
54,HUDCO.NS,nbfc_financial_services,2026-07-20T06:19:18.041733+00:00,403122585600,201.37,9.993548,,0.202,645.775,0.06,0.87931997,0.1572886301356149,1419120214016.0,219754600000.0,True,,6.45775,3,0.6009615384615383,4,0.7692307692307692,0.875,0.15384615384615385,0.38461538461538464,0.7692307692307692,,0.8333333333333334,0.9166666666666666,0.15384615384615385,0.38461538461538464
55,SUNPHARMA.NS,pharma_healthcare,2026-07-20T06:19:43.220616+00:00,4664786944000,1944.2,40.72476,26.672,0.1472,5.517,0.128,0.19635999,0.6966620473904,46273200128.0,835700900000.0,True,,0.05517,5,0.5970588235294118,4,0.5,0.7058823529411764,0.7058823529411764,0.47058823529411764,0.5294117647058824,0.47058823529411764,0.5294117647058824,0.8823529411764706,0.7058823529411764,0.47058823529411764
56,EMAMILTD.NS,fmcg,2026-07-20T06:20:08.643453+00:00,180034437120,412.45,23.210466,18.143,0.2761,5.541,-0.039,0.20512,1.292590920594532,1619200000.0,29239800000.0,True,,0.05541,4,0.5943181818181819,4,0.8333333333333334,0.6477272727272727,0.5833333333333333,0.16666666666666666,0.8333333333333334,0.8333333333333334,0.5454545454545454,0.75,0.5833333333333333,0.16666666666666666
57,SHRIRAMFIN.NS,nbfc_financial_services,2026-07-20T06:19:14.323424+00:00,2407772192768,1023.3,19.198874,,0.16382,276.215,0.247,0.48343,0.379775568621841,1820772663296.0,659185900000.0,True,,2.76215,4,0.5903846153846154,4,0.46153846153846156,0.5833333333333334,0.7692307692307692,0.6153846153846154,0.46153846153846156,,0.5833333333333334,0.5833333333333334,0.7692307692307692,0.6153846153846154
58,HEIDELBERG.NS,cement,2026-07-20T06:18:33.926121+00:00,35825876992,158.08,26.747887,11.053,0.096829996,1.037,0.055,0.05751,1.698137551481576,142300000.0,13718500000.0,True,,0.0103699999999999,3,0.5857142857142857,4,0.6875,0.3482142857142857,0.875,0.5,0.625,0.75,0.5714285714285714,0.125,0.875,0.5
59,IOB.NS,banking,2026-07-20T06:19:08.526906+00:00,659538247680,34.25,12.685185,,0.15654999,,0.077,0.36955002,0.4979208850448562,516025712640.0,369906675000.0,True,,,5,0.5808823529411764,3,0.47058823529411764,0.7867647058823529,,0.4375,0.47058823529411764,,0.75,0.8235294117647058,,0.4375
60,WHIRLPOOL.NS,consumer_durables_retail,2026-07-20T06:21:07.014649+00:00,98236342272,774.0,33.434124,18.71,0.072459996,8.621,0.088,0.03656,1.9310009998461772,3586899968.0,41606400000.0,True,,0.08621,5,0.575,4,0.8461538461538461,0.19871794871794873,0.6923076923076923,0.6153846153846154,0.8461538461538461,0.8461538461538461,0.16666666666666666,0.23076923076923078,0.6923076923076923,0.6153846153846154
61,LALPATHLAB.NS,pharma_healthcare,2026-07-20T06:19:53.462159+00:00,285047750656,1707.1,56.52649,36.566,0.21473,7.83,0.166,0.18270001,1.1015198918401252,1989939968.0,25081390000.0,True,,0.0783,6,0.573529411764706,4,0.29411764705882354,0.7941176470588235,0.5882352941176471,0.6470588235294118,0.3529411764705882,0.23529411764705888,0.8235294117647058,0.7647058823529411,0.5882352941176471,0.6470588235294118
62,COROMANDEL.NS,chemicals,2026-07-20T06:20:53.059083+00:00,601450479616,2042.3,30.794634,17.943,0.15587,11.469,0.204,0.062140003,1.6103987214412612,15061900288.0,125578900000.0,True,,0.11469,4,0.5727272727272728,4,0.5,0.5,0.4545454545454546,0.9090909090909091,0.4545454545454546,0.5454545454545454,0.7272727272727273,0.2727272727272727,0.4545454545454546,0.9090909090909091
63,PERSISTENT.NS,it,2026-07-20T06:18:47.689485+00:00,816119676928,5223.8,44.004715,30.408,0.26349002,6.092,0.251,0.12646,1.8816945452550475,4774479872.0,78378550000.0,True,,0.0609199999999999,4,0.5721590909090909,4,0.0,0.7556818181818181,0.8181818181818181,0.9090909090909091,0.0,0.0,0.875,0.6363636363636364,0.8181818181818181,0.9090909090909091
64,ARE&M.NS,auto,2026-07-20T06:19:40.675969+00:00,168401633280,920.1,18.812103,11.12,0.11567,5.015,0.155,0.06485,1.6989773995673518,4061600000.0,80989600000.0,True,,0.05015,6,0.5678571428571428,4,0.8571428571428572,0.3214285714285714,0.7142857142857143,0.35714285714285715,0.8571428571428572,0.8571428571428572,0.21428571428571427,0.42857142857142855,0.7142857142857143,0.35714285714285715
65,NBCC.NS,infra_logistics_defense,2026-07-20T06:21:22.285058+00:00,261899993088,97.0,36.329586,19.279,0.25225002,0.008,-0.025,0.05456,4.2716249490515015,2579000.0,30172626000.0,True,,8e-05,4,0.5645454545454546,4,0.5181818181818182,0.5818181818181818,0.9,0.2727272727272727,0.4,0.6363636363636364,0.8,0.36363636363636365,0.9,0.2727272727272727
66,ENDURANCE.NS,auto,2026-07-20T06:19:39.015241+00:00,384881688576,2736.2,40.36884,19.275,0.15156999,19.393,0.379,0.0652,2.1336447969687846,13266599936.0,68408200000.0,True,,0.19393,7,0.5642857142857143,4,0.39285714285714285,0.5357142857142857,0.4285714285714286,1.0,0.2857142857142857,0.5,0.5714285714285714,0.5,0.4285714285714286,1.0
67,GRINDWELL.NS,capital_goods,2026-07-20T06:20:44.221759+00:00,236675088384,2137.6,56.91161,38.837,0.17296,2.381,0.187,0.13525,1.2073601475932072,607126976.0,25347508000.0,True,,0.0238099999999999,6,0.5625,4,0.3529411764705882,0.7573529411764706,0.47058823529411764,0.6764705882352942,0.4117647058823529,0.2941176470588235,0.75,0.7647058823529411,0.47058823529411764,0.6764705882352942
68,FEDERALBNK.NS,banking,2026-07-20T06:18:58.905414+00:00,857780781056,347.7,18.583647,,,,0.214,0.30721,0.4120784126867585,331932499968.0,400430100000.0,True,,,6,0.5560661764705882,3,0.3529411764705882,0.5882352941176471,,0.8125,0.3529411764705882,,,0.5882352941176471,,0.8125
69,NAVINFLUOR.NS,chemicals,2026-07-20T06:20:51.380615+00:00,399774056448,7795.0,59.795948,36.01,0.20105,32.091,0.338,0.20023,0.8207735156922241,12754799616.0,39745800000.0,True,,0.32091,5,0.5545454545454547,4,0.09090909090909094,0.9090909090909092,0.2727272727272727,1.0,0.09090909090909094,0.09090909090909094,0.8181818181818182,1.0,0.2727272727272727,1.0
70,SKFINDIA.NS,capital_goods,2026-07-20T06:20:46.917071+00:00,73153355776,1479.7,27.539549,15.009,0.13543001,0.219,-0.51,0.07067,2.737232866201792,29100000.0,13293900000.0,True,,0.00219,7,0.5485294117647058,4,0.9411764705882353,0.25980392156862747,0.8823529411764706,0.058823529411764705,0.9411764705882353,0.9411764705882353,0.16666666666666666,0.35294117647058826,0.8823529411764706,0.058823529411764705
71,TIMKEN.NS,capital_goods,2026-07-20T06:20:46.059085+00:00,235058544640,3125.0,56.509945,36.877,0.14407,0.5,0.16,0.11929,1.193322868685829,145620000.0,29145750000.0,True,,0.005,8,0.5477941176470589,4,0.4411764705882353,0.5612745098039216,0.7058823529411764,0.5294117647058824,0.47058823529411764,0.4117647058823529,0.4166666666666667,0.7058823529411765,0.7058823529411764,0.5294117647058824
72,CONCOR.NS,infra_logistics_defense,2026-07-20T06:21:17.774283+00:00,377343606784,495.45,30.28423,17.825,0.097559996,7.39,-0.011,0.13678001,0.7014931600520771,9645700096.0,129423500000.0,True,,0.0739,5,0.5472727272727272,4,0.6636363636363636,0.5181818181818182,0.6,0.36363636363636365,0.6,0.7272727272727273,0.4,0.6363636363636364,0.6,0.36363636363636365
73,PIDILITIND.NS,chemicals,2026-07-20T06:20:55.667282+00:00,1592333041664,1564.5,65.29633,45.339,0.23523001,3.776,0.141,0.16771999,1.3433374845483408,4172100096.0,108321700000.0,True,,0.0377599999999999,6,0.5454545454545455,4,0.0,0.9090909090909092,0.6363636363636364,0.7272727272727273,0.0,0.0,1.0,0.8181818181818182,0.6363636363636364,0.7272727272727273
74,DLF.NS,realty,2026-07-20T06:21:25.816246+00:00,1639893958656,662.5,37.15648,108.432,0.10031,0.673,-0.42,0.53876996,0.17235708981401,3058931968.0,454733699000.0,True,,0.00673,3,0.545,4,0.25,0.9,0.8333333333333334,0.16666666666666666,0.5,0.0,0.8,1.0,0.8333333333333334,0.16666666666666666
75,MRF.NS,auto,2026-07-20T06:19:38.078526+00:00,559555215360,131935.0,23.04767,11.094,0.12258001,15.288,0.136,0.07785,1.47472318847213,32066600960.0,209745600000.0,True,,0.15288,8,0.5428571428571428,4,0.8214285714285714,0.4642857142857143,0.5,0.2857142857142857,0.7142857142857143,0.9285714285714286,0.35714285714285715,0.5714285714285714,0.5,0.2857142857142857
76,BANKBARODA.NS,banking,2026-07-20T06:19:02.406362+00:00,1304217518080,252.2,6.5711308,,0.12738,,-0.076,0.31175,0.4513840264406158,1724092383232.0,1658680884000.0,True,,,7,0.5422794117647058,3,0.7058823529411764,0.5735294117647058,,0.25,0.7058823529411764,,0.5,0.6470588235294118,,0.25
77,LICHSGFIN.NS,nbfc_financial_services,2026-07-20T06:19:13.503736+00:00,302644658176,550.2,5.399411,,0.14409,642.522,0.044,0.65779,0.2151547240056646,2662161973248.0,414289300000.0,True,,6.42522,5,0.5365384615384616,4,0.8461538461538461,0.5833333333333334,0.23076923076923073,0.3076923076923077,0.8461538461538461,,0.3333333333333333,0.8333333333333334,0.23076923076923073,0.3076923076923077
78,NESTLEIND.NS,fmcg,2026-07-20T06:20:00.714401+00:00,2780436627456,1441.9,79.531166,53.161,0.76338995,8.621,0.23,0.15139,,4445599744.0,,True,,0.08621,5,0.5363636363636364,4,0.0,0.7878787878787878,0.5,1.0,0.0,0.0,0.9090909090909091,0.6666666666666666,0.5,1.0
79,DIVISLAB.NS,pharma_healthcare,2026-07-20T06:19:45.753892+00:00,1953185005568,7357.5,76.330536,55.024,0.16187,0.042,0.095,0.24318,0.6250223733667443,70000000.0,167610000000.0,True,,0.00042,7,0.5264705882352941,4,0.05882352941176472,0.7941176470588236,0.9411764705882353,0.4117647058823529,0.11764705882352944,0.0,0.5882352941176471,1.0,0.9411764705882353,0.4117647058823529
80,CIPLA.NS,pharma_healthcare,2026-07-20T06:19:44.948385+00:00,1167821111296,1445.6,30.14807,18.142,0.11736,1.778,-0.021,0.13939999,0.8048248792182842,6137699840.0,344319500000.0,True,,0.01778,7,0.5264705882352941,4,0.7058823529411764,0.38235294117647056,0.8823529411764706,0.11764705882352941,0.7058823529411764,0.7058823529411764,0.23529411764705882,0.5294117647058824,0.8823529411764706,0.11764705882352941
81,POWERGRID.NS,energy_power,2026-07-20T06:20:27.683905+00:00,2665553068032,286.6,14.258706,10.695,0.16492,150.993,-0.05,0.34083,0.4650313058397598,1517392494592.0,1004940300000.0,True,,1.50993,4,0.5222222222222223,4,0.5555555555555556,0.8888888888888888,0.2222222222222222,0.2222222222222222,0.5555555555555556,0.5555555555555556,0.7777777777777778,1.0,0.2222222222222222,0.2222222222222222
82,WIPRO.NS,it,2026-07-20T06:18:37.887890+00:00,1747759661056,176.68,14.055688,8.921,0.16128999,27.398,0.106,0.13919,1.046163855029773,212821999616.0,885368000000.0,True,,0.27398,5,0.5208333333333334,4,0.898989898989899,0.5340909090909092,0.0,0.45454545454545453,0.9090909090909091,0.8888888888888888,0.25,0.8181818181818182,0.0,0.45454545454545453
83,GLENMARK.NS,pharma_healthcare,2026-07-20T06:19:57.199863+00:00,630718791680,2235.0,46.282875,13.671,0.14069,5.646,0.143,0.08019,1.5897288545999666,5935269888.0,105121090000.0,True,,0.0564599999999999,9,0.5176470588235293,4,0.6470588235294117,0.29411764705882354,0.6470588235294117,0.5294117647058824,0.4117647058823529,0.8823529411764706,0.47058823529411764,0.11764705882352941,0.6470588235294117,0.5294117647058824
84,NCC.NS,infra_logistics_defense,2026-07-20T06:21:23.174314+00:00,87747837952,139.76,12.988847,6.043,0.093219995,43.056,0.017,0.03243,2.646223447855178,34569998336.0,78689500000.0,True,,0.43056,6,0.5145454545454545,4,0.9045454545454545,0.2409090909090909,0.4,0.45454545454545453,0.9,0.9090909090909091,0.3,0.18181818181818182,0.4,0.45454545454545453
85,HDFCBANK.NS,banking,2026-07-20T06:18:54.120343+00:00,12015251750912,780.15,17.402409,,0.13838,,0.166,0.26787,0.3089151684495628,5658713784320.0,7676891400000.0,True,,,8,0.5128676470588235,3,0.4117647058823529,0.49754901960784315,,0.6875,0.4117647058823529,,0.5833333333333334,0.4117647058823529,,0.6875
86,DABUR.NS,fmcg,2026-07-20T06:20:02.518440+00:00,759872487424,428.35,40.107677,29.84,0.16239999,10.907,0.073,0.14364,1.1420795269853723,12873199616.0,114195200000.0,True,,0.10907,6,0.5117424242424242,4,0.7083333333333334,0.38636363636363635,0.41666666666666663,0.5,0.75,0.6666666666666667,0.2727272727272727,0.5,0.41666666666666663,0.5
87,HAVELLS.NS,capital_goods,2026-07-20T06:20:40.878128+00:00,750501036032,1195.9,45.996155,35.097,,2.801,0.195,0.06923,2.3571668039769573,2652000000.0,94554700000.0,True,,0.02801,9,0.5058823529411764,4,0.6470588235294117,0.29411764705882354,0.3529411764705882,0.7647058823529411,0.7058823529411764,0.5882352941176471,,0.29411764705882354,0.3529411764705882,0.7647058823529411
88,PVRINOX.NS,telecom_media,2026-07-20T06:21:13.177762+00:00,99422552064,1012.45,56.27849,7.641,0.024400001,91.874,0.238,0.05027,0.9007277704744738,67790999552.0,73787000000.0,True,,0.91874,3,0.505,4,0.4,0.45,0.25,1.0,0.0,0.8,0.5,0.4,0.25,1.0
89,ICICIBANK.NS,banking,2026-07-20T06:18:55.017923+00:00,10430662574080,1454.1,19.43724,,0.16073999,,0.114,0.2514,0.614470137352624,2263177232384.0,3630604100000.0,True,,,9,0.504595588235294,3,0.2941176470588235,0.6764705882352942,,0.5625,0.2941176470588235,,1.0,0.35294117647058826,,0.5625
90,PIIND.NS,chemicals,2026-07-20T06:20:48.679208+00:00,404289126400,2665.0,30.593502,21.55,0.123509996,3.048,-0.124,0.19673,0.5978095365299853,3423000064.0,112305000000.0,True,,0.03048,7,0.5045454545454545,4,0.45454545454545453,0.6818181818181818,0.7272727272727273,0.09090909090909091,0.5454545454545454,0.36363636363636365,0.45454545454545453,0.9090909090909091,0.7272727272727273,0.09090909090909091
91,ADANIPOWER.NS,energy_power,2026-07-20T06:20:30.334181+00:00,4202135027712,217.9,32.86576,23.665,0.20908001,82.332,-0.001,0.23662001,0.8339199542694382,546702884864.0,649368800000.0,True,,0.8233199999999999,5,0.5,4,0.11111111111111116,0.8888888888888888,0.4444444444444444,0.5555555555555556,0.11111111111111116,0.11111111111111116,0.8888888888888888,0.8888888888888888,0.4444444444444444,0.5555555555555556
92,VEDL.NS,metals_mining,2026-07-20T06:20:12.229220+00:00,1014857990144,259.9,14.487179,4.818,0.20403999,48.044,-0.413,0.22619,1.8777889348779115,329469984768.0,408310000000.0,True,,0.48044,6,0.49642857142857144,4,0.8214285714285714,0.6428571428571428,0.2142857142857143,0.07142857142857142,0.7142857142857143,0.9285714285714286,0.5714285714285714,0.7142857142857143,0.2142857142857143,0.07142857142857142
93,RELAXO.NS,consumer_durables_retail,2026-07-20T06:21:05.283224+00:00,106881785856,429.35,59.466763,29.321,0.0833,10.545,0.08,0.06634,1.2247140085933392,2326500096.0,22063600000.0,True,,0.10545,6,0.4951923076923077,4,0.5,0.4326923076923077,0.5384615384615384,0.5384615384615384,0.46153846153846156,0.5384615384615384,0.25,0.6153846153846154,0.5384615384615384,0.5384615384615384
94,PHOENIXLTD.NS,realty,2026-07-20T06:21:29.538792+00:00,742855409664,2077.0,59.207523,31.111,0.11056,37.211,0.337,0.27671,0.4024923542179716,53230125056.0,109885424000.0,True,,0.37211,4,0.4916666666666666,4,0.33333333333333337,0.75,0.33333333333333337,0.5,0.33333333333333337,0.33333333333333337,1.0,0.5,0.33333333333333337,0.5
95,CENTRALBK.NS,banking,2026-07-20T06:19:07.520401+00:00,286024269824,31.6,6.269841,,0.11914,,-0.13,0.27361,0.5297484240967019,318542053376.0,390011399000.0,True,,,10,0.49080882352941174,3,0.8235294117647058,0.4019607843137255,,0.125,0.8235294117647058,,0.3333333333333333,0.47058823529411764,,0.125
96,COFORGE.NS,it,2026-07-20T06:18:48.527446+00:00,663372169216,1498.5,34.142174,16.556,0.18596001,7.518,0.305,0.094840005,1.7197932393893642,7278000128.0,95376000000.0,True,,0.07518,6,0.48863636363636365,4,0.21212121212121215,0.38636363636363635,0.5454545454545454,1.0,0.09090909090909094,0.33333333333333337,0.5,0.2727272727272727,0.5454545454545454,1.0
97,DMART.NS,consumer_durables_retail,2026-07-20T06:20:59.246895+00:00,2597960810496,3983.1,84.69276,47.826,,9.913,0.149,0.042919997,2.813138794737092,24249899008.0,244640400000.0,True,,0.09913,7,0.48846153846153845,4,0.1923076923076923,0.46153846153846156,0.6153846153846154,0.8461538461538461,0.15384615384615385,0.23076923076923073,,0.46153846153846156,0.6153846153846154,0.8461538461538461
98,VBL.NS,fmcg,2026-07-20T06:20:06.909145+00:00,1561345785856,461.6,49.0542,30.355,,12.705,0.181,0.14024,1.0641462274520317,25081829376.0,195787040000.0,True,,0.12705,7,0.4875,4,0.5416666666666666,0.4166666666666667,0.16666666666666663,0.8333333333333334,0.5,0.5833333333333333,,0.4166666666666667,0.16666666666666663,0.8333333333333334
99,SBIN.NS,banking,2026-07-20T06:18:55.744649+00:00,9621995520000,1042.4,11.433586,,0.15477,,0.071,0.22114,0.6403110400643849,8610153758720.0,5961308694000.0,True,,,11,0.4834558823529412,3,0.5882352941176471,0.4509803921568627,,0.375,0.5882352941176471,,0.6666666666666666,0.23529411764705882,,0.375
100,TECHM.NS,it,2026-07-20T06:18:39.657508+00:00,1401813860352,1582.5,27.34105,14.418,,7.269,0.177,0.086780004,1.9184410813293085,21862000640.0,296154000000.0,True,,0.07269,7,0.4833333333333334,4,0.4595959595959596,0.18181818181818182,0.6363636363636364,0.8181818181818182,0.36363636363636365,0.5555555555555556,,0.18181818181818182,0.6363636363636364,0.8181818181818182
101,JSL.NS,metals_mining,2026-07-20T06:20:21.559472+00:00,606179885056,735.7,19.000517,6.816,0.17407,37.523,0.112,0.07434,2.1703831182217623,74603298816.0,197912800000.0,True,,0.37523,7,0.4821428571428572,4,0.6071428571428572,0.42857142857142855,0.4285714285714286,0.42857142857142855,0.5,0.7142857142857143,0.42857142857142855,0.42857142857142855,0.4285714285714286,0.42857142857142855
102,ASTRAL.NS,capital_goods,2026-07-20T06:20:43.368518+00:00,373316288512,1389.6,69.54955,34.198,0.13798,6.168,0.242,0.08169,1.618719041868947,2503000064.0,40579000000.0,True,,0.06168,10,0.4764705882352941,4,0.4411764705882353,0.4019607843137255,0.23529411764705888,0.8823529411764706,0.23529411764705888,0.6470588235294117,0.3333333333333333,0.47058823529411764,0.23529411764705888,0.8823529411764706
103,KPITTECH.NS,it,2026-07-20T06:18:53.150468+00:00,151821123584,557.7,23.96648,10.804,0.1973,23.624,0.12,0.09874,1.822957192949161,8383869952.0,35409120000.0,True,,0.2362399999999999,8,0.4755681818181818,4,0.6060606060606061,0.4943181818181818,0.18181818181818177,0.5454545454545454,0.5454545454545454,0.6666666666666667,0.625,0.36363636363636365,0.18181818181818177,0.5454545454545454
104,BAJFINANCE.NS,nbfc_financial_services,2026-07-20T06:19:10.080002+00:00,6471566229504,1040.8,34.09106,,0.17907,314.833,0.282,0.43280998,0.4356655873006627,3683091742720.0,1139990200000.0,True,,3.14833,6,0.475,4,0.07692307692307687,0.5833333333333333,0.6153846153846154,0.7692307692307693,0.07692307692307687,,0.6666666666666666,0.5,0.6153846153846154,0.7692307692307693
105,KOTAKBANK.NS,banking,2026-07-20T06:18:57.308992+00:00,3787613798400,380.8,19.649122,,,,0.21,0.28467,0.4181992897792166,1115291254784.0,1812258709000.0,True,,,12,0.474264705882353,3,0.23529411764705888,0.5294117647058824,,0.75,0.23529411764705888,,,0.5294117647058824,,0.75
106,METROPOLIS.NS,pharma_healthcare,2026-07-20T06:19:54.426324+00:00,118013616128,569.1,61.724506,28.25,0.13373,15.212,0.23,0.11545,1.0876875197517035,2319110912.0,15131606000.0,True,,0.15212,10,0.47058823529411764,4,0.3529411764705882,0.3529411764705882,0.4117647058823529,0.8823529411764706,0.2941176470588235,0.4117647058823529,0.4117647058823529,0.29411764705882354,0.4117647058823529,0.8823529411764706
107,RAMCOCEM.NS,cement,2026-07-20T06:18:33.111121+00:00,217743425536,921.5,31.205553,17.667,0.08996,47.827,0.089,0.07738,1.1155555500641872,38711001088.0,80935100000.0,True,,0.47827,4,0.4705357142857144,4,0.4375,0.4642857142857143,0.125,0.875,0.375,0.5,0.42857142857142855,0.5,0.125,0.875
108,MANAPPURAM.NS,nbfc_financial_services,2026-07-20T06:19:20.491119+00:00,309276409856,329.25,28.093002,,0.06968,360.191,1.093,0.23985,0.3526454232016717,578366078976.0,160507400000.0,True,,3.60191,7,0.4701923076923077,4,0.3846153846153846,0.20833333333333331,0.5384615384615384,0.9230769230769231,0.3846153846153846,,0.08333333333333333,0.3333333333333333,0.5384615384615384,0.9230769230769231
109,TORNTPOWER.NS,energy_power,2026-07-20T06:20:31.172573+00:00,723807043584,1436.4,29.943714,14.543,0.13022,70.885,-0.008,0.08342,1.4998199244783708,139705597952.0,190753300000.0,True,,0.7088500000000001,6,0.4666666666666667,4,0.33333333333333337,0.5555555555555556,0.5555555555555556,0.4444444444444444,0.33333333333333337,0.33333333333333337,0.5555555555555556,0.5555555555555556,0.5555555555555556,0.4444444444444444
110,KEI.NS,capital_goods,2026-07-20T06:20:39.945811+00:00,468012695552,4895.5,50.904648,37.14,0.14753,3.796,0.187,0.07818,1.7626191532176996,2530240000.0,66649480000.0,True,,0.03796,11,0.4632352941176471,4,0.4411764705882353,0.45588235294117646,0.2941176470588235,0.6764705882352942,0.5294117647058824,0.3529411764705882,0.5,0.4117647058823529,0.2941176470588235,0.6764705882352942
111,SUNDRMFAST.NS,auto,2026-07-20T06:19:41.513744+00:00,201302982656,958.0,34.104664,20.887,0.14583999,14.532,0.106,0.094,1.4276334256521577,6245700096.0,42750400000.0,True,,0.14532,9,0.45714285714285713,4,0.35714285714285715,0.6428571428571428,0.5714285714285714,0.21428571428571427,0.5,0.2142857142857143,0.5,0.7857142857142857,0.5714285714285714,0.21428571428571427
112,BHARTIARTL.NS,telecom_media,2026-07-20T06:21:10.400503+00:00,12064940621824,1933.9,43.674347,12.575,0.19358999,99.718,0.157,0.12652999,1.415387175073093,1954117058560.0,1490566000000.0,True,,0.99718,4,0.4525,4,0.3,0.675,0.0,0.8,0.19999999999999996,0.4,0.75,0.6,0.0,0.8
113,SHREECEM.NS,cement,2026-07-20T06:18:31.441227+00:00,964618813440,26735.0,55.401287,33.43,,38.149,0.052,0.1453,0.8848309210302941,33939900416.0,232675300000.0,True,,0.38149,5,0.45,4,0.0,1.0,0.375,0.375,0.0,0.0,,1.0,0.375,0.375
114,ABB.NS,capital_goods,2026-07-20T06:20:33.868779+00:00,1577975676928,7446.5,101.23029,81.653,,1.082,0.008,0.22257,1.667347712286514,848200000.0,78359900000.0,True,,0.01082,12,0.4441176470588235,4,0.02941176470588236,0.9411764705882353,0.6470588235294117,0.11764705882352941,0.05882352941176472,0.0,,0.9411764705882353,0.6470588235294117,0.11764705882352941
115,TRENT.NS,consumer_durables_retail,2026-07-20T06:21:00.070334+00:00,1556505034752,2919.0,90.87796,55.434,0.27126,36.034,0.192,0.08566,2.841949810155941,25612500992.0,69846800000.0,True,,0.36034,8,0.44134615384615383,4,0.11538461538461536,0.6378205128205128,0.15384615384615385,0.9230769230769231,0.07692307692307687,0.15384615384615385,0.5833333333333334,0.6923076923076923,0.15384615384615385,0.9230769230769231
116,SBICARD.NS,nbfc_financial_services,2026-07-20T06:19:19.685952+00:00,616646246400,647.95,28.446005,,0.14686,280.206,0.186,0.1826,1.0443661568789546,440637292544.0,157255000000.0,True,,2.80206,8,0.43846153846153846,4,0.3076923076923077,0.3333333333333333,0.6923076923076923,0.5384615384615384,0.3076923076923077,,0.5,0.16666666666666666,0.6923076923076923,0.5384615384615384
117,LT.NS,capital_goods,2026-07-20T06:20:32.116910+00:00,5257211412480,3821.4,32.73989,17.48,0.16951999,97.64,0.117,0.05515,2.6006561454042374,1254965903360.0,1092898000000.0,True,,0.9764,13,0.43823529411764706,4,0.8529411764705882,0.39215686274509803,0.0,0.3235294117647059,0.8235294117647058,0.8823529411764706,0.6666666666666666,0.11764705882352941,0.0,0.3235294117647059
118,DRREDDY.NS,pharma_healthcare,2026-07-20T06:19:44.048189+00:00,1011576406016,1214.8,23.597515,14.695,0.11835,20.328,-0.116,0.12755999,0.8909200849725377,77340999680.0,377063000000.0,True,,0.20328,11,0.4352941176470588,4,0.8235294117647058,0.3529411764705882,0.3529411764705882,0.058823529411764705,0.8823529411764706,0.7647058823529411,0.29411764705882354,0.4117647058823529,0.3529411764705882,0.058823529411764705
119,BAJAJFINSV.NS,nbfc_financial_services,2026-07-20T06:19:10.882294+00:00,2967728816128,1856.3,30.431149,12.719,0.14602,256.404,0.061,0.06534,1.7602195570125263,3614400839680.0,779150700000.0,True,,2.56404,9,0.4346153846153846,4,0.3269230769230769,0.25,0.8461538461538461,0.46153846153846156,0.15384615384615385,0.5,0.4166666666666667,0.08333333333333333,0.8461538461538461,0.46153846153846156
120,APLAPOLLO.NS,metals_mining,2026-07-20T06:20:16.540239+00:00,502561701888,1810.0,41.830368,27.456,0.25314,9.396,0.136,0.05213,4.226091422119765,4976500224.0,52965300000.0,True,,0.09396,8,0.42857142857142855,4,0.0714285714285714,0.5,0.7142857142857143,0.5714285714285714,0.0714285714285714,0.0714285714285714,0.7142857142857143,0.2857142857142857,0.7142857142857143,0.5714285714285714
121,GAIL.NS,energy_power,2026-07-20T06:20:26.027933+00:00,1137949016064,173.07,15.0234375,11.765,0.08688,27.809,-0.024,0.05355,1.590099450194049,248314904576.0,890496000000.0,True,,0.27809,7,0.42777777777777776,4,0.4444444444444444,0.16666666666666666,0.8888888888888888,0.3333333333333333,0.4444444444444444,0.4444444444444444,0.2222222222222222,0.1111111111111111,0.8888888888888888,0.3333333333333333
122,TITAN.NS,consumer_durables_retail,2026-07-20T06:20:58.233218+00:00,4121123356672,4645.9,81.435585,55.608,0.37127998,195.001,0.805,0.057919998,5.55976564987582,306210013184.0,157030000000.0,True,,1.95001,9,0.4269230769230769,4,0.1538461538461538,0.6025641025641025,0.0,1.0,0.23076923076923073,0.07692307692307687,0.6666666666666666,0.5384615384615384,0.0,1.0
123,IPCALAB.NS,pharma_healthcare,2026-07-20T06:19:58.094349+00:00,474426900480,1870.0,41.51865,24.533,0.13217,8.492,0.063,0.11829001,1.1858587937959848,8087600128.0,80638100000.0,True,,0.08492,12,0.42058823529411765,4,0.5,0.35294117647058826,0.5294117647058824,0.29411764705882354,0.47058823529411764,0.5294117647058824,0.35294117647058826,0.35294117647058826,0.5294117647058824,0.29411764705882354
124,GMRAIRPORT.NS,infra_logistics_defense,2026-07-20T06:21:16.914737+00:00,1173630222336,111.15,,25.644,,,0.375,0.011849999,-5.971307707197471,432825204736.0,-24797600000.0,True,,,7,0.4204545454545454,3,0.36363636363636365,0.09090909090909091,,1.0,,0.36363636363636365,,0.09090909090909091,,1.0
125,MPHASIS.NS,it,2026-07-20T06:18:49.414242+00:00,463093891072,2426.9,24.906607,16.492,0.18285999,24.383,0.144,0.11729,1.4780410159914934,26196760576.0,107437120000.0,True,,0.24383,9,0.4183712121212122,4,0.4494949494949495,0.4602272727272727,0.09090909090909094,0.6363636363636364,0.4545454545454546,0.4444444444444444,0.375,0.5454545454545454,0.09090909090909094,0.6363636363636364
126,MARICO.NS,fmcg,2026-07-20T06:20:04.294704+00:00,1105649205248,853.2,62.781456,47.773,0.41393003,12.394,0.221,0.12945,3.2180522565320664,5569999872.0,42100000000.0,True,,0.12394,8,0.4174242424242424,4,0.125,0.48863636363636365,0.25,0.9166666666666666,0.16666666666666663,0.08333333333333337,0.7272727272727273,0.25,0.25,0.9166666666666666
127,TORNTPHARM.NS,pharma_healthcare,2026-07-20T06:19:49.092801+00:00,1660481044480,4908.2,76.87559,40.712,0.16986,85.446,0.418,0.15475,1.63951895646742,150254993408.0,83884300000.0,True,,0.85446,13,0.411764705882353,4,0.08823529411764708,0.6176470588235294,0.0,1.0,0.05882352941176472,0.11764705882352944,0.6470588235294118,0.5882352941176471,0.0,1.0
128,PRESTIGE.NS,realty,2026-07-20T06:21:28.723059+00:00,722033115136,1676.3,60.3637,23.626,0.07998,105.493,1.665,0.094239995,0.7795414462081128,176593993728.0,162729000000.0,True,,1.05493,5,0.41000000000000003,4,0.3333333333333333,0.3666666666666667,0.0,1.0,0.16666666666666663,0.5,0.4,0.3333333333333333,0.0,1.0
129,SIEMENS.NS,capital_goods,2026-07-20T06:20:33.069211+00:00,1297703108608,3644.0,76.619,65.76,,2.213,0.146,0.094569996,1.3127249085246,3065999872.0,132276000000.0,True,,0.02213,14,0.40882352941176475,4,0.08823529411764708,0.6470588235294118,0.5294117647058824,0.4117647058823529,0.11764705882352944,0.05882352941176472,,0.6470588235294118,0.5294117647058824,0.4117647058823529
130,AUROPHARMA.NS,pharma_healthcare,2026-07-20T06:19:47.360183+00:00,888441012224,1544.1,25.556108,12.62,0.09932999,21.31,0.056,0.10414,0.8810737756251688,80728399872.0,378909700000.0,True,,0.2130999999999999,14,0.40588235294117647,4,0.8823529411764706,0.11764705882352941,0.2941176470588235,0.23529411764705882,0.8235294117647058,0.9411764705882353,0.058823529411764705,0.17647058823529413,0.2941176470588235,0.23529411764705882
131,HINDALCO.NS,metals_mining,2026-07-20T06:20:11.335863+00:00,2114949873664,952.75,15.815903,8.033,0.10288,72.598,0.204,0.048699997,1.9961635049749968,991649988608.0,1365830000000.0,True,,0.72598,9,0.4035714285714286,4,0.6071428571428571,0.21428571428571427,0.0714285714285714,0.7142857142857143,0.6428571428571428,0.5714285714285714,0.21428571428571427,0.21428571428571427,0.0714285714285714,0.7142857142857143
132,ULTRACEMCO.NS,cement,2026-07-20T06:18:30.653392+00:00,3473260937216,11807.0,42.481922,21.601,0.10593,29.432,0.03,0.092259996,1.1551480132606768,237550895104.0,766235400000.0,True,,0.2943199999999999,6,0.40089285714285716,4,0.1875,0.7321428571428572,0.5,0.125,0.25,0.125,0.7142857142857143,0.75,0.5,0.125
133,UNITDSPR.NS,fmcg,2026-07-20T06:20:07.861737+00:00,981935652864,1382.9,57.4294,44.465,0.20034,4.611,0.008,0.14743,1.3866860270300458,4129999872.0,89530000000.0,True,,0.04611,9,0.4003787878787879,4,0.25,0.4734848484848485,0.6666666666666667,0.25,0.33333333333333337,0.16666666666666663,0.36363636363636365,0.5833333333333334,0.6666666666666667,0.25
134,UPL.NS,chemicals,2026-07-20T06:20:52.232098+00:00,513381597184,608.15,27.246864,9.653,0.05614,57.128,0.177,0.03708,1.478643071247406,235759992832.0,346960000000.0,True,,0.57128,8,0.4,4,0.6363636363636364,0.09090909090909091,0.09090909090909094,0.8181818181818182,0.6363636363636364,0.6363636363636364,0.09090909090909091,0.09090909090909091,0.09090909090909094,0.8181818181818182
135,CHOLAFIN.NS,nbfc_financial_services,2026-07-20T06:19:11.657430+00:00,1511517716480,1769.9,28.588274,,0.19334999,695.283,0.248,0.39723998,0.5500075512830614,2117722046464.0,304584000000.0,True,,6.9528300000000005,10,0.3980769230769231,4,0.23076923076923073,0.5833333333333334,0.07692307692307687,0.6923076923076923,0.23076923076923073,,0.75,0.4166666666666667,0.07692307692307687,0.6923076923076923
136,IRCON.NS,infra_logistics_defense,2026-07-20T06:21:21.393740+00:00,121571057664,129.26,20.45253,16.622,0.09084,85.833,-0.065,0.06565,1.3664018533916584,57256300544.0,66386400000.0,True,,0.85833,8,0.3972727272727273,4,0.8090909090909091,0.32727272727272727,0.09999999999999998,0.18181818181818182,0.8,0.8181818181818181,0.2,0.45454545454545453,0.09999999999999998,0.18181818181818182
137,WELCORP.NS,metals_mining,2026-07-20T06:20:20.777178+00:00,431498756096,1636.3,26.736929,17.711,0.18915,25.042,0.099,0.096190006,1.770423655134148,23554500608.0,91555600000.0,True,,0.25042,10,0.3964285714285714,4,0.25,0.5,0.5,0.35714285714285715,0.2857142857142857,0.2142857142857143,0.5,0.5,0.5,0.35714285714285715
138,IRFC.NS,nbfc_financial_services,2026-07-20T06:19:16.961956+00:00,1154994536448,88.38,16.488806,,0.12812,773.347,0.005,0.97231,0.4804656524653578,4388650483712.0,567487600000.0,True,,7.73347,11,0.3951923076923077,4,0.5384615384615384,0.625,0.0,0.23076923076923078,0.5384615384615384,,0.25,1.0,0.0,0.23076923076923078
139,JKCEMENT.NS,cement,2026-07-20T06:18:32.244054+00:00,427370676224,5531.0,43.10654,19.78,0.15032,87.522,0.082,0.07225,1.9028697289424137,62055698432.0,70372500000.0,True,,0.8752200000000001,7,0.39375000000000004,4,0.1875,0.625,0.0,0.75,0.125,0.25,1.0,0.25,0.0,0.75
140,HDFCLIFE.NS,insurance,2026-07-20T06:19:22.332321+00:00,1223342555136,563.25,61.692223,50.877,0.108009994,15.842,0.152,0.01895,5.161047553908439,30990000128.0,177495400000.0,True,,0.15842,4,0.39166666666666666,4,0.16666666666666663,0.25,0.33333333333333337,1.0,0.16666666666666663,0.16666666666666663,0.3333333333333333,0.16666666666666666,0.33333333333333337,1.0
141,BATAINDIA.NS,consumer_durables_retail,2026-07-20T06:21:00.859552+00:00,92025716736,716.0,68.385864,13.957,0.08465999,86.9,0.05,0.03817,2.203247181779382,13865700352.0,15955990000.0,True,,0.8690000000000001,10,0.38846153846153847,4,0.6153846153846154,0.3205128205128205,0.07692307692307687,0.46153846153846156,0.3076923076923077,0.9230769230769231,0.3333333333333333,0.3076923076923077,0.07692307692307687,0.46153846153846156
142,IDFCFIRSTB.NS,banking,2026-07-20T06:19:00.684571+00:00,691420332032,80.24,42.68085,,,,-0.011,0.32775003,0.613649831100074,,474038100000.0,True,,,13,0.3869485294117646,3,0.05882352941176472,0.7647058823529411,,0.3125,0.05882352941176472,,,0.7647058823529411,,0.3125
143,APOLLOHOSP.NS,pharma_healthcare,2026-07-20T06:19:51.698680+00:00,1277670457344,8886.0,65.80273,35.479,0.21503,85.146,0.181,0.07696,2.661206105420829,84929003520.0,94801000000.0,True,,0.85146,15,0.38529411764705884,4,0.2647058823529412,0.47058823529411764,0.05882352941176472,0.7647058823529411,0.23529411764705888,0.2941176470588235,0.8823529411764706,0.058823529411764705,0.05882352941176472,0.7647058823529411
144,BRITANNIA.NS,fmcg,2026-07-20T06:20:01.628153+00:00,1314900017152,5459.0,51.990475,36.741,0.53314,26.875,0.065,0.13271,3.6929381031457575,13802800128.0,51065600000.0,True,,0.26875,10,0.38522727272727275,4,0.375,0.5757575757575758,0.08333333333333337,0.4166666666666667,0.41666666666666663,0.33333333333333337,0.8181818181818182,0.3333333333333333,0.08333333333333337,0.4166666666666667
145,ICICIPRULI.NS,insurance,2026-07-20T06:19:24.166393+00:00,725601091584,500.5,43.03525,42.195,0.12579,18.052,0.125,0.02557,4.56354998400723,25949999104.0,136311600000.0,True,,0.1805199999999999,5,0.3833333333333333,4,0.33333333333333337,0.5,0.0,0.6666666666666666,0.33333333333333337,0.33333333333333337,0.5,0.5,0.0,0.6666666666666666
146,BHEL.NS,capital_goods,2026-07-20T06:20:36.623718+00:00,1445404475392,415.1,59.215405,50.283,,31.312,0.403,0.06758,1.2376300407586298,81869496320.0,261466100000.0,True,,0.31312,15,0.38235294117647056,4,0.29411764705882354,0.23529411764705882,0.11764705882352944,1.0,0.3529411764705882,0.23529411764705888,,0.23529411764705882,0.11764705882352944,1.0
147,DIXON.NS,consumer_durables_retail,2026-07-20T06:21:04.415281+00:00,880715431936,14485.0,53.769627,40.24,0.37133,18.457,0.021,0.02944,10.450341803035066,9942200320.0,46766700000.0,True,,0.18457,11,0.38173076923076926,4,0.46153846153846156,0.4519230769230769,0.3076923076923077,0.23076923076923078,0.6153846153846154,0.3076923076923077,0.75,0.15384615384615385,0.3076923076923077,0.23076923076923078
148,ADANIENT.NS,infra_logistics_defense,2026-07-20T06:21:15.900339+00:00,4505276514304,3166.1,42.994297,38.308,0.13664,119.56,0.203,0.09295999,1.238997132563782,1066217897984.0,809259500000.0,True,,1.1956,9,0.3745454545454545,4,0.19090909090909086,0.5727272727272728,0.0,0.7272727272727273,0.19999999999999996,0.18181818181818177,0.6,0.5454545454545454,0.0,0.7272727272727273
149,SRF.NS,chemicals,2026-07-20T06:20:47.832758+00:00,852937998336,2877.6,46.555573,24.872,0.13763,36.195,0.07,0.11625,1.0978162412517198,50827898880.0,140427600000.0,True,,0.36195,9,0.36818181818181817,4,0.22727272727272724,0.6363636363636364,0.18181818181818177,0.36363636363636365,0.18181818181818177,0.2727272727272727,0.6363636363636364,0.6363636363636364,0.18181818181818177,0.36363636363636365
150,RATNAMANI.NS,metals_mining,2026-07-20T06:20:19.138456+00:00,183395713024,2616.5,38.085884,23.473,0.13578,7.488,-0.368,0.10738,1.0932550091588256,3150796032.0,41106253000.0,True,,0.07488,11,0.3678571428571429,4,0.1428571428571429,0.4642857142857143,0.7857142857142857,0.14285714285714285,0.1428571428571429,0.1428571428571429,0.35714285714285715,0.5714285714285714,0.7857142857142857,0.14285714285714285
151,UNOMINDA.NS,auto,2026-07-20T06:19:42.400173+00:00,658023841792,1139.5,54.81,31.799,0.19202,37.74,0.178,0.060900003,2.838393925239803,27401199616.0,68295700000.0,True,,0.3774,10,0.3678571428571428,4,0.10714285714285715,0.5,0.3571428571428571,0.5714285714285714,0.0714285714285714,0.1428571428571429,0.7142857142857143,0.2857142857142857,0.3571428571428571,0.5714285714285714
152,BANDHANBNK.NS,banking,2026-07-20T06:18:59.848814+00:00,340098580480,211.1,27.812912,,0.04877,,1.193,0.12972,0.5303525426919707,143028125696.0,255748969000.0,True,,,14,0.3648897058823529,3,0.17647058823529416,0.1715686274509804,,0.9375,0.17647058823529416,,0.16666666666666666,0.17647058823529413,,0.9375
153,JINDALSTEL.NS,metals_mining,2026-07-20T06:20:15.709765+00:00,1055847350272,1037.7,31.340982,12.586,0.067719996,43.613,0.23,0.06327,1.050216006590318,226095497216.0,508989100000.0,True,,0.43613,12,0.36428571428571427,4,0.25,0.25,0.2857142857142857,0.7857142857142857,0.2142857142857143,0.2857142857142857,0.14285714285714285,0.35714285714285715,0.2857142857142857,0.7857142857142857
154,CYIENT.NS,it,2026-07-20T06:18:52.211462+00:00,93767729152,848.65,22.037134,10.69,0.077659994,7.528,0.009,0.058870003,1.2791847797391718,4640000000.0,56819000000.0,True,,0.07528,10,0.3535984848484849,4,0.7070707070707071,0.10795454545454546,0.4545454545454546,0.09090909090909091,0.6363636363636364,0.7777777777777778,0.125,0.09090909090909091,0.4545454545454546,0.09090909090909091
155,POONAWALLA.NS,nbfc_financial_services,2026-07-20T06:19:21.427476+00:00,407104651264,464.9,48.680626,,,468.058,1.687,0.21914,0.6272241898310326,,103481500000.0,True,,4.68058,12,0.35192307692307695,4,0.0,0.25,0.3846153846153846,1.0,0.0,,,0.25,0.3846153846153846,1.0
156,UCOBANK.NS,banking,2026-07-20T06:19:09.306202+00:00,327533297664,26.12,11.819005,,0.08631,,-0.126,0.2386,0.3708016024806738,233098182656.0,332492247000.0,True,,,15,0.3474264705882353,3,0.5294117647058824,0.2720588235294118,,0.1875,0.5294117647058824,,0.25,0.29411764705882354,,0.1875
157,DALBHARAT.NS,cement,2026-07-20T06:18:34.764377+00:00,347016691712,1848.5,30.448032,12.264,0.06501,40.987,0.038,0.07694,0.8234050837087713,74280001536.0,179790000000.0,True,,0.40987,8,0.34642857142857136,4,0.5625,0.2589285714285714,0.25,0.25,0.5,0.625,0.14285714285714285,0.375,0.25,0.25
158,BAJAJHLDNG.NS,nbfc_financial_services,2026-07-20T06:19:18.917707+00:00,1150552375296,10338.0,11.935576,133.614,0.12624,0.012,-0.483,,0.1193316580675095,96200000.0,731505800000.0,True,,0.00012,13,0.3423076923076923,4,0.3076923076923077,0.16666666666666666,0.9230769230769231,0.07692307692307693,0.6153846153846154,0.0,0.16666666666666666,,0.9230769230769231,0.07692307692307693
159,COCHINSHIP.NS,infra_logistics_defense,2026-07-20T06:21:24.942859+00:00,367471263744,1396.8,51.352943,44.558,0.12517,28.466,-0.156,0.14272,0.8551127398898766,16717533184.0,58727572000.0,True,,0.28466,10,0.33090909090909093,4,0.09545454545454546,0.6136363636363636,0.5,0.09090909090909091,0.09999999999999998,0.09090909090909094,0.5,0.7272727272727273,0.5,0.09090909090909091
160,MOTHERSON.NS,auto,2026-07-20T06:19:36.220461+00:00,1498278264832,142.27,38.871586,15.151,0.10114,43.908,0.165,0.03075,3.050857011781472,191696994304.0,409796000000.0,True,,0.43908,11,0.32499999999999996,4,0.49999999999999994,0.10714285714285714,0.2857142857142857,0.42857142857142855,0.3571428571428571,0.6428571428571428,0.14285714285714285,0.07142857142857142,0.2857142857142857,0.42857142857142855
161,BLUESTARCO.NS,consumer_durables_retail,2026-07-20T06:21:07.858936+00:00,347965554688,1692.5,66.01014,40.006,0.16222,23.588,0.013,0.04255,3.6142547815620985,8099899904.0,34314100000.0,True,,0.23588,12,0.32403846153846155,4,0.4230769230769231,0.40064102564102566,0.23076923076923073,0.15384615384615385,0.3846153846153846,0.46153846153846156,0.4166666666666667,0.38461538461538464,0.23076923076923073,0.15384615384615385
162,LTTS.NS,it,2026-07-20T06:18:50.394469+00:00,359666515968,3390.6,28.123756,18.053,,8.911,0.026,0.11684,1.6988119331963478,5784999936.0,64727000000.0,True,,0.08911,11,0.3196969696969697,4,0.24747474747474746,0.45454545454545453,0.36363636363636365,0.18181818181818182,0.2727272727272727,0.2222222222222222,,0.45454545454545453,0.36363636363636365,0.18181818181818182
163,ZEEL.NS,telecom_media,2026-07-20T06:21:14.086242+00:00,102871629824,107.1,37.978725,22.3,0.02332,2.26,-0.073,0.03372,0.6904491939402723,2651000064.0,117299000000.0,True,,0.0226,5,0.3175,4,0.2,0.225,0.75,0.2,0.4,0.0,0.25,0.2,0.75,0.2
164,ADANIGREEN.NS,energy_power,2026-07-20T06:20:29.486791+00:00,2488059559936,1510.5,155.88235,33.221,0.07576,346.548,0.143,0.12715,0.6173804157275231,1035449991168.0,199650000000.0,True,,3.46548,8,0.31666666666666665,4,0.0,0.38888888888888884,0.0,1.0,0.0,0.0,0.1111111111111111,0.6666666666666666,0.0,1.0
165,TMCV.NS,auto,2026-07-20T06:19:29.448537+00:00,1517640876032,412.1,50.194885,17.121,0.26045,44.095,-0.378,0.03613,6.54861002041778,56149999616.0,127340000000.0,True,,0.44095,12,0.3142857142857143,4,0.35714285714285715,0.5,0.2142857142857143,0.07142857142857142,0.1428571428571429,0.5714285714285714,0.8571428571428571,0.14285714285714285,0.2142857142857143,0.07142857142857142
166,SOBHA.NS,realty,2026-07-20T06:21:30.519987+00:00,156152594432,1460.0,80.52951,50.569,0.04168,24.62,0.602,0.03726,1.0915686920913268,11620320256.0,47199320000.0,True,,0.2462,6,0.31333333333333335,4,0.08333333333333331,0.18333333333333335,0.5,0.6666666666666666,0.0,0.16666666666666663,0.2,0.16666666666666666,0.5,0.6666666666666666
167,RBLBANK.NS,banking,2026-07-20T06:19:05.723135+00:00,568553111552,367.15,30.317919,,,,0.408,0.09082,0.6271896361209837,152253202432.0,167242400000.0,True,,,16,0.3069852941176471,3,0.11764705882352944,0.11764705882352941,,0.875,0.11764705882352944,,,0.11764705882352941,,0.875
168,DEEPAKNTR.NS,chemicals,2026-07-20T06:20:49.648868+00:00,231704510464,1698.8,42.143387,25.001,0.09751,27.903,-0.027,0.0698,1.3298533113326034,16377199616.0,58361700000.0,True,,0.27903,10,0.3,4,0.2727272727272727,0.36363636363636365,0.36363636363636365,0.18181818181818182,0.36363636363636365,0.18181818181818177,0.36363636363636365,0.36363636363636365,0.36363636363636365,0.18181818181818182
169,TATACONSUM.NS,fmcg,2026-07-20T06:20:05.923389+00:00,1075949600768,1087.2,69.82659,40.799,0.0694,12.159,0.179,0.076009996,0.925786906547002,28195100672.0,217875300000.0,True,,0.12159,11,0.29280303030303034,4,0.16666666666666669,0.08712121212121213,0.33333333333333337,0.75,0.08333333333333337,0.25,0.09090909090909091,0.08333333333333333,0.33333333333333337,0.75
170,FORTIS.NS,pharma_healthcare,2026-07-20T06:19:52.662846+00:00,723212173312,957.95,69.3664,37.975,0.11006,34.15,0.178,0.11413,0.9224186629343492,34725834752.0,98955500000.0,True,,0.3414999999999999,16,0.29117647058823537,4,0.17647058823529416,0.20588235294117646,0.17647058823529416,0.7058823529411765,0.17647058823529416,0.17647058823529416,0.17647058823529413,0.23529411764705882,0.17647058823529416,0.7058823529411765
171,EXIDEIND.NS,auto,2026-07-20T06:19:39.888180+00:00,371832520704,437.45,43.527363,20.307,0.06172,11.308,0.092,0.047470003,1.2878952308007638,15754000384.0,139048500000.0,True,,0.11308,13,0.2857142857142857,4,0.2857142857142857,0.14285714285714285,0.6428571428571428,0.14285714285714285,0.2142857142857143,0.3571428571428571,0.07142857142857142,0.21428571428571427,0.6428571428571428,0.14285714285714285
172,GODREJCP.NS,fmcg,2026-07-20T06:20:03.357364+00:00,1087261507584,1062.5,58.31504,35.645,0.15099,34.899,0.112,0.12264,1.1938491046975706,44158099456.0,126482400000.0,True,,0.34899,12,0.28560606060606064,4,0.3333333333333333,0.17424242424242425,0.0,0.6666666666666666,0.25,0.41666666666666663,0.18181818181818182,0.16666666666666666,0.0,0.6666666666666666
173,TATASTEEL.NS,metals_mining,2026-07-20T06:20:09.669036+00:00,2325251358720,186.44,21.578703,9.655,0.11156999,89.017,0.125,0.0465,2.254074259317896,923818983424.0,1021676500000.0,True,,0.8901699999999999,13,0.28214285714285714,4,0.39285714285714285,0.21428571428571427,0.0,0.5,0.3571428571428571,0.4285714285714286,0.2857142857142857,0.14285714285714285,0.0,0.5
174,INDUSINDBK.NS,banking,2026-07-20T06:18:58.081263+00:00,798572085248,1024.95,89.90789,,0.01362,,2.727,0.05158,0.3835035274765008,427891884032.0,657396300000.0,True,,,17,0.2766544117647059,3,0.0,0.07107843137254902,,1.0,0.0,,0.08333333333333333,0.058823529411764705,,1.0
175,AARTIIND.NS,chemicals,2026-07-20T06:20:50.461765+00:00,180166344704,496.7,42.96713,19.298,0.07249,83.392,0.132,0.05057,1.3914357682619647,49659998208.0,59550000000.0,True,,0.83392,11,0.2727272727272727,4,0.36363636363636365,0.18181818181818182,0.0,0.5454545454545454,0.2727272727272727,0.4545454545454546,0.18181818181818182,0.18181818181818182,0.0,0.5454545454545454
176,LAURUSLABS.NS,pharma_healthcare,2026-07-20T06:19:56.242023+00:00,838413385728,1551.9,93.940674,47.837,0.17743,46.369,0.053,0.13046,1.2681422474462554,25184800768.0,53000600000.0,True,,0.46369,17,0.2529411764705882,4,0.02941176470588236,0.6176470588235294,0.11764705882352944,0.17647058823529413,0.0,0.05882352941176472,0.7647058823529411,0.47058823529411764,0.11764705882352944,0.17647058823529413
177,SAIL.NS,metals_mining,2026-07-20T06:20:14.887820+00:00,678397476864,164.24,20.102816,8.216,0.056560002,52.899,0.051,0.030439999,1.8359576564868243,319277105152.0,603558800000.0,True,,0.52899,14,0.24642857142857144,4,0.4642857142857143,0.07142857142857142,0.1428571428571429,0.2857142857142857,0.4285714285714286,0.5,0.07142857142857142,0.07142857142857142,0.1428571428571429,0.2857142857142857
178,CARBORUNIV.NS,capital_goods,2026-07-20T06:20:45.126639+00:00,204018548736,1071.0,104.182884,35.672,0.043670002,10.292,0.149,0.0374,1.3204153933179514,4125339904.0,38998220000.0,True,,0.10292,16,0.2301470588235294,4,0.2647058823529412,0.07107843137254902,0.17647058823529416,0.47058823529411764,0.0,0.5294117647058824,0.08333333333333333,0.058823529411764705,0.17647058823529416,0.47058823529411764
179,SBILIFE.NS,insurance,2026-07-20T06:19:23.180211+00:00,1818310344704,1812.4,73.37652,65.066,0.13697,,-0.822,0.022,5.8834281672430055,0.0,190860000000.0,True,,,6,0.22916666666666663,3,0.0,0.5,,0.16666666666666666,0.0,0.0,0.6666666666666666,0.3333333333333333,,0.16666666666666666
180,RVNL.NS,infra_logistics_defense,2026-07-20T06:21:20.562631+00:00,469692514304,225.27,53.763725,66.067,0.08981,49.078,0.042,0.04285,2.0782378861801862,48184901632.0,98218400000.0,True,,0.49078,11,0.22499999999999998,4,0.0,0.18636363636363634,0.30000000000000004,0.5454545454545454,0.0,0.0,0.1,0.2727272727272727,0.30000000000000004,0.5454545454545454
181,TATAPOWER.NS,energy_power,2026-07-20T06:20:28.620546+00:00,1219820912640,381.75,32.656116,14.626,0.11336,168.051,-0.128,0.06002,1.5468184855225389,799033196544.0,394672100000.0,True,,1.68051,9,0.2111111111111111,4,0.2222222222222222,0.3333333333333333,0.11111111111111116,0.1111111111111111,0.2222222222222222,0.2222222222222222,0.3333333333333333,0.3333333333333333,0.11111111111111116,0.1111111111111111
182,BHARATFORG.NS,auto,2026-07-20T06:19:35.295944+00:00,1045340815360,2186.5,96.91933,37.566,0.11603,76.475,0.175,0.06422,1.6935362177238868,73086148608.0,95798400000.0,True,,0.7647499999999999,14,0.2107142857142857,4,0.0,0.3214285714285714,0.0714285714285714,0.5,0.0,0.0,0.2857142857142857,0.35714285714285715,0.0714285714285714,0.5
183,VOLTAS.NS,consumer_durables_retail,2026-07-20T06:21:03.453778+00:00,444245835776,1342.6,117.66871,62.001,0.057189997,15.51,0.025,0.02639,2.2149505740871143,9924800512.0,63762100000.0,True,,0.1551,13,0.1778846153846154,4,0.0,0.08012820512820512,0.46153846153846156,0.3076923076923077,0.0,0.0,0.08333333333333333,0.07692307692307693,0.46153846153846156,0.3076923076923077
184,THERMAX.NS,capital_goods,2026-07-20T06:20:38.324234+00:00,530575228928,4710.0,73.743546,51.102,0.13691,42.166,0.111,0.06737,1.9175869419113976,23525300224.0,55499700000.0,True,,0.42166,17,0.1757352941176471,4,0.17647058823529416,0.21323529411764708,0.05882352941176472,0.23529411764705882,0.17647058823529416,0.17647058823529416,0.25,0.17647058823529413,0.05882352941176472,0.23529411764705882
